<?xml version="1.0" encoding="UTF-8"?>
<project-private xmlns="http://www.netbeans.org/ns/project-private/1">
    <editor-bookmarks xmlns="http://www.netbeans.org/ns/editor-bookmarks/2" lastBookmarkId="0"/>
    <open-files xmlns="http://www.netbeans.org/ns/projectui-open-files/2">
        <group>
            <file>file:/F:/Final%20Year%20Project/BANK_MANAGEMENT/src/bank_management/withdrawl.java</file>
            <file>file:/F:/Final%20Year%20Project/BANK_MANAGEMENT/src/bank_management/login.java</file>
            <file>file:/F:/Final%20Year%20Project/BANK_MANAGEMENT/src/bank_management/balance_enquiry.java</file>
            <file>file:/F:/Final%20Year%20Project/BANK_MANAGEMENT/src/bank_management/manager.java</file>
            <file>file:/F:/Final%20Year%20Project/BANK_MANAGEMENT/src/bank_management/delete_employee.java</file>
            <file>file:/F:/Final%20Year%20Project/BANK_MANAGEMENT/src/bank_management/mini_statement.java</file>
            <file>file:/F:/Final%20Year%20Project/BANK_MANAGEMENT/src/bank_management/modify_employee.java</file>
            <file>file:/F:/Final%20Year%20Project/BANK_MANAGEMENT/src/bank_management/create_account.java</file>
            <file>file:/F:/Final%20Year%20Project/BANK_MANAGEMENT/src/bank_management/reset_employee_password.java</file>
            <file>file:/F:/Final%20Year%20Project/BANK_MANAGEMENT/src/bank_management/employee.java</file>
            <file>file:/F:/Final%20Year%20Project/BANK_MANAGEMENT/src/bank_management/deposit.java</file>
            <file>file:/F:/Final%20Year%20Project/BANK_MANAGEMENT/src/bank_management/create_employee.java</file>
            <file>file:/F:/Final%20Year%20Project/BANK_MANAGEMENT/src/bank_management/delete_customer.java</file>
            <file>file:/F:/Final%20Year%20Project/BANK_MANAGEMENT/src/bank_management/modify_customer.java</file>
        </group>
    </open-files>
</project-private>
